,Infant,Child,Adolescent
Weaning,Infant weaning,,
Healthy eating,,Child Healthy eating,Adolescent Healthy eating
Weight management,,Child Weight management,Adolescent Weight management
Weight gain,Infant weight gain,Child Weight gain,Adolescent Weight gain
Food allergies,Infant food alergies,Child Food allergies,Adolescent Food allergies
Inflammatory Bowel Disease,,Child Inflammatory Bowel Disease,Adolescent Inflammatory Bowel Disease
Fussy eating,Infant fussy eating,Child fussy eating,Adolescent fussy eating
Picky eating,Infant picky eating,,Adolescent picky eating
Restrictive eating due to autism,,Child Restrictive eating due to autism,Adolescent Restrictive eating due to autism
Feeding difficulties,Infant feeding difficulties,Child Feeding difficulties,Adolescent Feeding difficulties
Neuro disability,Infant neuro disability,Child Neuro disability,Adolescent Neuro disability
Tube feeding,Infant tube feeding,Child Tube feeding,Adolescent Tube feeding
Constipation,Infant constipation,Child Constipation,Adolescent Constipation
Reflux,Infant refulx,Child Reflux,Adolescent Reflux
Food intolerance,,Child Food intolerance,Adolescent Food intolerance
ARFID,Infant ARFID,Child ARFID,Adolescent ARFID